county,cnty_fips,c_tot_pop_c,c_tot_death_c,c_tot_lfex_c,c_tot_low_c,c_tot_up_c,c_tot_pop_h,c_tot_death_h,c_tot_lfex_h,c_tot_low_h,c_tot_up_h,c_tot_pop_b,c_tot_death_b,c_tot_lfex_b,c_tot_low_b,c_tot_up_b,c_tot_pop_w,c_tot_death_w,c_tot_lfex_w,c_tot_low_w,c_tot_up_w,c_fem_pop_c,c_fem_death_c,c_fem_lfex_c,c_fem_low_c,c_fem_up_c,c_fem_pop_h,c_fem_death_h,c_fem_lfex_h,c_fem_low_h,c_fem_up_h,c_fem_pop_b,c_fem_death_b,c_fem_lfex_b,c_fem_low_b,c_fem_up_b,c_fem_pop_w,c_fem_death_w,c_fem_lfex_w,c_fem_low_w,c_fem_up_w,c_mal_pop_c,c_mal_death_c,c_mal_lfex_c,c_mal_low_c,c_mal_up_c,c_mal_pop_h,c_mal_death_h,c_mal_lfex_h,c_mal_low_h,c_mal_up_h,c_mal_pop_b,c_mal_death_b,c_mal_lfex_b,c_mal_low_b,c_mal_up_b,c_mal_pop_w,c_mal_death_w,c_mal_lfex_w,c_mal_low_w,c_mal_up_w
Anderson,48001,55347,5996,73.84,73.45,74.24,,,,,,11913.55,1011,73.3,72.31,74.24,34708.398,4604,73.88,73.38,74.39,21957.65,2540,77.34,76.71000000000001,77.96000000000001,,,,,,,,,,,15839,2100,77.31,76.59,78.03,33389.352,3456,71.33,70.83,71.86,,,,,,8511.9004,618,71.42,70.24,72.68000000000001,18869.4,2504,71.16,70.52,71.84
Andrews,48003,14206.6,1211,75.65000000000001,74.86,76.44,,,,,,,,,,,6834.25,927,74.35000000000001,73.18000000000001,75.5,7173.1001,579,78.56,77.48,79.63,,,,,,,,,,,3485.45,459,77.44,75.85000000000001,79.03,7033.5,632,72.74,71.66,73.86,,,,,,,,,,,3348.8,468,71.40000000000001,69.65000000000001,73.06
Angelina,48005,83226.29700000001,8171,75.87000000000001,75.53,76.19,,,,,,12543.25,1181,71.79000000000001,70.89,72.7,54044.398,6659,75.72,75.33,76.12000000000001,42616.25,4072,78.7,78.25,79.14,,,,,,6650.5498,573,75.24,74.01000000000001,76.42,27720.551,3343,78.72,78.18000000000001,79.25,40610.051,4099,73,72.54000000000001,73.47,,,,,,5892.7002,608,67.99,66.75,69.22,26323.85,3316,72.78,72.2,73.36
Aransas,48007,21452.449,3098,74.89,74.18000000000001,75.60000000000001,,,,,,,,,,,16021.95,2741,74.46000000000001,73.58,75.32000000000001,10793.4,1385,78.62000000000001,77.69,79.58,,,,,,,,,,,8090.1001,1226,78.23,77.04000000000001,79.42,10659.05,1713,71.55,70.51000000000001,72.57000000000001,,,,,,,,,,,7931.8501,1515,71.09,69.82000000000001,72.34
Archer,48009,8292.200199999999,733,79.11,78.11,80.11,,,,,,,,,,,7736.6499,718,78.96000000000001,77.89,80.02,,,,,,,,,,,,,,,,,,,,,4140.3999,402,75.76000000000001,74.34,77.19,,,,,,,,,,,,,,,
Atascosa,48013,41844.898,3542,76.62000000000001,76.13,77.09,26648.449,1622,76.89,76.23,77.54000000000001,,,,,,14984.3,1899,76.28,75.53,77.01000000000001,21213.199,1580,80.37000000000001,79.72,81.03,13385.6,699,80.46000000000001,79.56,81.36,,,,,,7732.1499,872,80.2,79.18000000000001,81.22,20631.699,1962,73.12000000000001,72.46000000000001,73.78,13262.85,923,73.61,72.7,74.5,,,,,,7252.1499,1027,72.79000000000001,71.73,73.83
Austin,48015,26112.15,2620,77.41,76.85000000000001,77.98,,,,,,,,,,,17490.9,2189,77.63,76.94,78.32000000000001,13264.05,1345,79.84,79.05,80.60000000000001,,,,,,,,,,,8968.8496,1124,80.29000000000001,79.41,81.19,12848.1,1275,74.91,74.10000000000001,75.73,,,,,,,,,,,8522.049800000001,1065,75.21000000000001,74.24,76.18000000000001
Bailey,48017,6518,597,76.94,75.78,78.09,,,,,,,,,,,2361.8999,412,76.22,74.11,78.10000000000001,,,,,,,,,,,,,,,,,,,,,,,,,,,,,,,,,,,,,,,,
Bandera,48019,18538.1,1885,80.60000000000001,79.89,81.31,,,,,,,,,,,15578.05,1766,80.01000000000001,79.25,80.78,9331.3496,815,83.13,82.14,84.06,,,,,,,,,,,7881.1499,769,82.57000000000001,81.48,83.61,9206.75,1070,78.29000000000001,77.3,79.32000000000001,,,,,,,,,,,7696.8999,997,77.66,76.55,78.74
Bastrop,48021,67854.54700000001,5530,77.22,76.85000000000001,77.58,22454.1,645,81.52,80.62000000000001,82.40000000000001,5286.9502,567,73.08,71.75,74.40000000000001,40113.5,4318,76.59,76.13,77.06,33008,2599,79.71000000000001,79.18000000000001,80.2,,,,,,,,,,,20152.65,2068,79.05,78.40000000000001,79.69,34846.551,2931,74.94,74.42,75.45,,,,,,,,,,,19960.85,2250,74.38,73.72,75.05
Baylor,48023,3293.95,584,73.83,72,75.59,,,,,,,,,,,2881.55,547,74.28,72.44,76.17,,,,,,,,,,,,,,,,,,,,,,,,,,,,,,,,,,,,,,,,
Bee,48025,30222.301,2269,77.44,76.88,77.98,17411.35,1146,75.7,74.94,76.42,,,,,,10077.1,1061,78.82000000000001,77.91,79.7,12237.9,1035,79.93000000000001,79.09,80.72,7755.75,503,78.83,77.74,79.87000000000001,,,,,,4057.75,511,80.92,79.62000000000001,82.25,17984.4,1234,75.2,74.45,75.92,9655.5996,643,73.05,72.02,74.01000000000001,,,,,,6019.3501,550,76.76000000000001,75.59,77.99
Bell,48027,283732.19,17917,78.05,77.85000000000001,78.24,64707.75,1543,82.40000000000001,81.8,83.01000000000001,64790.551,2797,77.7,77.15000000000001,78.24,154233.91,13577,77.72,77.47,77.96000000000001,141091,8565,80.75,80.48,81.01000000000001,31912.35,672,85.04000000000001,84.23,85.85000000000001,32152.4,1298,79.22,78.49,79.93000000000001,77026.25,6595,80.63,80.29000000000001,80.96000000000001,142641.2,9352,75.36,75.09,75.64,32795.398,871,79.54000000000001,78.67,80.43000000000001,32638.15,1499,76.74,75.89,77.58,77207.648,6982,74.89,74.54000000000001,75.22
Bexar,48029,1622498.8,110057,79.08,79,79.16,991618.1899999999,48850,79.59,79.49,79.7,121893.9,8728,76.53,76.2,76.84,508986.81,52479,79,78.88,79.13,823877.88,53874,81.86,81.75,81.96000000000001,503869.25,23158,82.52,82.37000000000001,82.66,62001.898,4271,79.31,78.87000000000001,79.73,258006.75,26445,81.63,81.45,81.79000000000001,798620.9399999999,56183,76.17,76.06,76.28,487748.91,25692,76.46000000000001,76.3,76.61,59892,4457,73.76000000000001,73.27,74.22,250980.05,26034,76.42,76.24,76.60000000000001
Blanco,48031,9125.299800000001,1027,78.06,76.99,79.16,,,,,,,,,,,7541.7002,961,77.69,76.43000000000001,78.91,4570.6499,521,80.75,79.39,82.11,,,,,,,,,,,3803.8501,486,80.62000000000001,79.04000000000001,82.16,4554.6499,506,75.56,73.94,77.22,,,,,,,,,,,3737.8501,475,75.22,73.35000000000001,77.13
Bosque,48035,15933.75,2423,75.59,74.86,76.32000000000001,,,,,,,,,,,13295.35,2317,75,74.14,75.83,8101.75,1220,78.49,77.5,79.47,,,,,,,,,,,6847.4502,1179,78.04000000000001,76.89,79.17,7832,1203,72.88,71.86,73.93000000000001,,,,,,,,,,,6447.8999,1138,72.23,71.05,73.39
Bowie,48037,88082.75,9116,76.29000000000001,75.98,76.60000000000001,,,,,,21970.4,1693,74.52,73.81,75.21000000000001,60653.949,7357,76.38,76.01000000000001,76.75,43846.648,4636,79.01000000000001,78.57000000000001,79.43000000000001,,,,,,10918.5,846,77.49,76.51000000000001,78.43000000000001,30844.85,3768,79.13,78.64,79.64,44236.102,4480,73.54000000000001,73.10000000000001,73.98,,,,,,11051.9,847,71.40000000000001,70.40000000000001,72.32000000000001,29809.1,3589,73.65000000000001,73.11,74.16
Brazoria,48039,282190.56,19240,78.56,78.37000000000001,78.74,83654.898,2223,82.43000000000001,81.96000000000001,82.90000000000001,35788.352,1766,86.29000000000001,85.51000000000001,87.03,162747.3,15251,77.15000000000001,76.92,77.37000000000001,137354.7,9348,80.49,80.23,80.74,39995.301,957,84.36,83.71000000000001,85.04000000000001,16460.699,833,87.13,86.12000000000001,88.15000000000001,80898.70299999999,7558,79.23,78.91,79.53,144835.84,9892,76.7,76.43000000000001,76.96000000000001,43659.602,1266,80.62000000000001,79.92,81.3,19327.65,933,86.14,84.86,87.41,81848.602,7693,75.13,74.81,75.45
Brazos,48041,177243.2,8349,80.8,80.56,81.04000000000001,43939.5,818,84.48,83.64,85.33,20417.699,1300,74.05,73.26000000000001,74.82000000000001,112886,6231,81.43000000000001,81.13,81.71000000000001,88732.70299999999,4295,82.68000000000001,82.35000000000001,83.02,,,,,,10811.45,664,76.68000000000001,75.61,77.75,56355.051,3285,83.17,82.78,83.56,88510.5,4054,78.73,78.37000000000001,79.08,22373.301,472,81.38,80.2,82.56,9606.25,636,71.16,70.08,72.27,56530.949,2946,79.56,79.13,79.98
Brewster,48043,8001.4502,700,83.40000000000001,82.33,84.5,,,,,,,,,,,4438.4502,467,83.04000000000001,81.55,84.49,,,,,,,,,,,,,,,,,,,,,,,,,,,,,,,,,,,,,,,,
Brooks,48047,7133.9502,809,74.17,73.03,75.34,6660.3999,734,73.78,72.62000000000001,74.99,,,,,,,,,,,,,,,,,,,,,,,,,,,,,,,3547.8999,428,70.07000000000001,68.53,71.71000000000001,,,,,,,,,,,,,,,
Brown,48049,35153.75,4632,74.44,73.95,74.93000000000001,,,,,,,,,,,27414.6,4223,74.08,73.52,74.65000000000001,17815.199,2349,77.23,76.55,77.88,,,,,,,,,,,14109.9,2151,77.11,76.36,77.84,17338.551,2283,71.71000000000001,71.01000000000001,72.40000000000001,,,,,,,,,,,13304.7,2072,71.25,70.43000000000001,72.05
Burleson,48051,15827.3,1820,76.72,75.96000000000001,77.47,,,,,,,,,,,11049.55,1489,76.19,75.28,77.10000000000001,8089.0498,872,80.52,79.54000000000001,81.45,,,,,,,,,,,5682.8999,726,79.92,78.75,81.08,7738.25,948,73.07000000000001,71.98,74.18000000000001,,,,,,,,,,,5366.6499,763,72.67,71.31,74.05
Burnet,48053,39115.199,4117,78.97,78.48,79.45,,,,,,,,,,,30817.25,3881,78.5,77.93000000000001,79.06,20188.949,2003,82.14,81.52,82.75,,,,,,,,,,,16011.45,1906,81.69,80.95,82.39,18926.25,2114,75.84,75.12000000000001,76.56,,,,,,,,,,,14805.8,1975,75.37000000000001,74.52,76.22
Caldwell,48055,34777.301,2949,78.14,77.61,78.63,16853.5,780,79.8,78.92,80.64,,,,,,15641.45,1936,77.53,76.79000000000001,78.22,17466.699,1472,81.02,80.29000000000001,81.68000000000001,,,,,,,,,,,7890.5,1005,80.10000000000001,79.09,81.08,17310.6,1477,75.2,74.47,75.90000000000001,8434.5,429,76.57000000000001,75.3,77.82000000000001,,,,,,7750.9502,931,74.96000000000001,73.95,75.95
Calhoun,48057,19303.699,1934,76,75.33,76.66,9590.549800000001,517,76.75,75.69,77.7,,,,,,9271.75,1350,75.18000000000001,74.13,76.19,9614.25,858,79.51000000000001,78.60000000000001,80.39,,,,,,,,,,,4651.3501,601,79.17,77.81,80.5,9689.450199999999,1076,72.84,71.91,73.78,,,,,,,,,,,4620.3999,749,71.84,70.34,73.31
Callahan,48059,12396.55,1583,75.79000000000001,74.95,76.63,,,,,,,,,,,11516.15,1537,75.56,74.69,76.41,6405.6499,795,78.05,76.92,79.21000000000001,,,,,,,,,,,5966.8501,775,77.79000000000001,76.60000000000001,78.99,5990.8999,788,73.49,72.29000000000001,74.75,,,,,,,,,,,5549.2998,762,73.39,72.17,74.64
Cameron,48061,389650.44,22921,81.2,81.03,81.37000000000001,348609.66,16865,80.68000000000001,80.5,80.86,,,,,,39594.602,5968,81.14,80.61,81.67,200855.34,10871,84.2,83.97,84.42,180268.75,8168,83.55,83.3,83.79000000000001,,,,,,19911.15,2654,84.86,84.11,85.59,188795.09,12050,78,77.75,78.25,168340.91,8697,77.47,77.2,77.74,,,,,,19683.449,3314,77.89,77.16,78.61
Camp,48063,11621.1,1425,73.92,73.03,74.83,,,,,,,,,,,7048.25,1087,73.96000000000001,72.81,75.12000000000001,5952.7998,692,77.40000000000001,76.2,78.54000000000001,,,,,,,,,,,3659.3501,530,77.59,76.16,79.10000000000001,5668.2998,733,70.61,69.34,71.88,,,,,,,,,,,3388.8999,557,70.67,68.95,72.36
Carson,48065,5359,660,76.74,75.56,77.94,,,,,,,,,,,4948.6001,647,76.29000000000001,75.01000000000001,77.60000000000001,,,,,,,,,,,,,,,,,,,,,,,,,,,,,,,,,,,,,,,,
Cass,48067,28437.949,3826,75.06,74.53,75.60000000000001,,,,,,5102.9502,629,72.96000000000001,71.63,74.29000000000001,22570.051,3172,75.33,74.72,75.93000000000001,14687.2,1944,77.96000000000001,77.24,78.67,,,,,,,,,,,11519.25,1582,78.44,77.65000000000001,79.25,13750.75,1882,72.17,71.38,72.96000000000001,,,,,,,,,,,11050.8,1590,72.35000000000001,71.48,73.25
Castro,48069,7341.1499,597,77.75,76.61,78.82000000000001,,,,,,,,,,,,,,,,,,,,,,,,,,,,,,,,,,,,,,,,,,,,,,,,,,,,,,,
Chambers,48071,32412.9,2270,77.36,76.81,77.91,,,,,,,,,,,23631.85,1909,77.05,76.46000000000001,77.65000000000001,16191.65,1064,79.69,78.94,80.40000000000001,,,,,,,,,,,11909.95,896,79.5,78.68000000000001,80.28,16221.25,1206,75.16,74.37000000000001,75.95,,,,,,,,,,,11721.9,1013,74.75,73.88,75.65000000000001
Cherokee,48073,47621.699,4934,76.18000000000001,75.72,76.63,,,,,,7139.6499,718,72.05,70.78,73.32000000000001,30492.85,4048,75.8,75.25,76.37000000000001,23899.75,2427,79.57000000000001,78.92,80.2,,,,,,,,,,,15824.05,2027,79.03,78.25,79.82000000000001,23721.949,2507,72.86,72.25,73.49,,,,,,,,,,,14668.8,2021,72.58,71.81,73.36
Childress,48075,6258.5,755,77.01000000000001,75.88,78.12000000000001,,,,,,,,,,,3839.5,680,74.82000000000001,73.54000000000001,76.13,,,,,,,,,,,,,,,,,,,,,,,,,,,,,,,,,,,,,,,,
Clay,48077,9357.75,1123,76.37000000000001,75.41,77.32000000000001,,,,,,,,,,,8982.299800000001,1112,76.23,75.25,77.18000000000001,4772.6001,558,78.95,77.67,80.24,,,,,,,,,,,4584.6499,552,78.92,77.63,80.23,4585.1499,565,73.78,72.46000000000001,75.10000000000001,,,,,,,,,,,4397.6499,560,73.65000000000001,72.26000000000001,75.04000000000001
Coke,48081,2811,528,75.03,73.11,76.97,,,,,,,,,,,,,,,,,,,,,,,,,,,,,,,,,,,,,,,,,,,,,,,,,,,,,,,
Coleman,48083,7463,1303,73.84,72.79000000000001,74.90000000000001,,,,,,,,,,,6223.25,1211,73.60000000000001,72.38,74.87000000000001,3894.25,637,77.12000000000001,75.67,78.66,,,,,,,,,,,3255.3999,593,76.86,75.13,78.62000000000001,3568.75,666,70.73,69.29000000000001,72.21000000000001,,,,,,,,,,,2967.8501,618,70.68000000000001,69.03,72.36
Collin,48085,644124,28756,82.46000000000001,82.34,82.59,105882.7,1479,93.44,92.73,94.15000000000001,59103.602,1637,86.52,85.79000000000001,87.26000000000001,479137.69,25640,81.95,81.82000000000001,82.09,325042.41,14708,83.81,83.66,83.97,52287.699,669,94.55,93.65000000000001,95.44,31191.6,868,85.36,84.51000000000001,86.19,241563.09,13171,83.47,83.3,83.64,319081.59,14048,81.17,80.99,81.36,53595,810,92.47,91.32000000000001,93.60000000000001,27912,769,91.24,89.67,92.87000000000001,237574.59,12469,80.53,80.33,80.73
Collingsworth,48087,2663,414,73.90000000000001,71.93000000000001,75.8,,,,,,,,,,,,,,,,,,,,,,,,,,,,,,,,,,,,,,,,,,,,,,,,,,,,,,,
Colorado,48089,19165.85,2514,76.62000000000001,75.93000000000001,77.31,,,,,,,,,,,11540,1896,77.35000000000001,76.38,78.3,9809.4004,1253,79.54000000000001,78.57000000000001,80.51000000000001,,,,,,,,,,,5985.75,967,79.89,78.47,81.17,9356.450199999999,1261,73.71000000000001,72.75,74.67,,,,,,,,,,,5554.25,929,74.89,73.55,76.15000000000001
Comal,48091,102014.35,8898,80.73,80.44,81.03,25351.801,1024,81.58,80.87000000000001,82.27,,,,,,75379.20299999999,7804,80.35000000000001,80,80.7,52059.102,4384,83.09,82.69,83.48,12877.35,491,83.95,83.02,84.93000000000001,,,,,,38569.051,3857,82.71000000000001,82.25,83.18000000000001,49955.25,4514,78.36,77.93000000000001,78.79000000000001,12474.45,533,79,78.01000000000001,80.04000000000001,,,,,,36810.148,3947,78.05,77.56,78.56
Comanche,48093,12568.25,1723,76.32000000000001,75.45,77.17,,,,,,,,,,,9292.200199999999,1592,76.25,75.21000000000001,77.24,6480.4502,858,79.12000000000001,77.91,80.29000000000001,,,,,,,,,,,4871.1499,803,78.79000000000001,77.34,80.17,6087.7998,865,73.59,72.44,74.76000000000001,,,,,,,,,,,4421.0498,789,73.78,72.37000000000001,75.16
Cooke,48097,35415.102,3877,76.12000000000001,75.62000000000001,76.63,,,,,,,,,,,29067.801,3665,75.88,75.31,76.43000000000001,17819.051,1960,79.08,78.41,79.73,,,,,,,,,,,14833.7,1863,79.02,78.29000000000001,79.75,17596.051,1917,73.24,72.52,73.96000000000001,,,,,,,,,,,14234.1,1802,72.89,72.06,73.7
Coryell,48099,69672.398,3814,78.85000000000001,78.45,79.25,,,,,,,,,,,45820,3299,77.61,77.14,78.07000000000001,35519.949,1839,81.35000000000001,80.81,81.88,,,,,,,,,,,23240.4,1599,80.33,79.7,80.93000000000001,34152.449,1975,76.22,75.64,76.79000000000001,,,,,,,,,,,22579.6,1700,74.83,74.17,75.46000000000001
Crosby,48107,5468.7998,718,73.8,72.64,74.95,,,,,,,,,,,,,,,,,,,,,,,,,,,,,,,,,,,,,,,,,,,,,,,,,,,,,,,
Dallam,48111,5983,488,73.66,72.36,75.03,,,,,,,,,,,,,,,,,,,,,,,,,,,,,,,,,,,,,,,,,,,,,,,,,,,,,,,
Dallas,48113,2227631.5,138481,78.31,78.24,78.37000000000001,914011.5,17024,85.32000000000001,85.13,85.5,521878.66,35555,74.75,74.59,74.90000000000001,791741.5,85902,77.97,77.87000000000001,78.08,1124552.3,69008,80.86,80.77,80.95,439276,7093,87.92,87.67,88.16,279915.44,17489,77.84,77.63,78.03,405360.69,44426,80.61,80.47,80.74,1103079.5,69473,75.57000000000001,75.47,75.67,474735.5,9931,82.5,82.23,82.76000000000001,241963.2,18066,71.32000000000001,71.08,71.54000000000001,386380.81,41476,75.28,75.13,75.43000000000001
Dawson,48115,12831.05,1302,76.09,75.3,76.84,7138.3999,420,75.26000000000001,74.08,76.42,,,,,,4799.8999,813,76.8,75.62000000000001,77.96000000000001,5530.8501,641,78.22,77.09,79.38,,,,,,,,,,,2202.3999,428,78.33,76.37000000000001,80.19,7300.2002,661,74.03,72.99,75.05,,,,,,,,,,,,,,,
DeWitt,48123,17992.85,2489,75.81,75.13,76.5,5847.6499,451,75.21000000000001,73.96000000000001,76.52,,,,,,10389.7,1814,76.14,75.15000000000001,77.10000000000001,8562,1241,78.81,77.82000000000001,79.77,,,,,,,,,,,5227.75,934,79.45,78.12000000000001,80.79000000000001,9430.8496,1248,73.08,72.13,74,,,,,,,,,,,5161.9502,880,73.13,71.79000000000001,74.45
Deaf Smith,48117,18468.301,1475,76.68000000000001,75.94,77.39,12919.3,575,76.13,75.17,77.07000000000001,,,,,,5358.5,880,76.41,75.08,77.7,9393.049800000001,717,80.10000000000001,79.11,81.07000000000001,,,,,,,,,,,2814.3,453,80.62000000000001,78.88,82.21000000000001,9075.25,758,73.26000000000001,72.28,74.22,,,,,,,,,,,2544.2,427,72.29000000000001,70.47,74.08
Delta,48119,4649.2998,686,74.56,73.19,75.89,,,,,,,,,,,4036.8,640,74.27,72.73,75.77,,,,,,,,,,,,,,,,,,,,,,,,,,,,,,,,,,,,,,,,
Denton,48121,576788.4399999999,25550,82.32000000000001,82.18000000000001,82.45,112053.5,1497,92.47,91.73,93.2,50289.199,1381,87.06,86.21000000000001,87.93000000000001,414445.75,22672,81.63,81.49,81.78,290954.41,12936,83.57000000000001,83.40000000000001,83.74,55175.551,702,91.22,90.35000000000001,92.09,26489.5,706,86.41,85.42,87.46000000000001,209289.34,11528,83.10000000000001,82.91,83.29000000000001,285834.06,12614,81.26000000000001,81.05,81.47,56877.949,795,96.01000000000001,94.59,97.39,23799.699,675,91.15000000000001,89.47,92.89,205156.41,11144,80.35000000000001,80.12000000000001,80.58
Dimmit,48127,9385.6504,844,76.72,75.71000000000001,77.76000000000001,8345.1504,700,76.55,75.44,77.67,,,,,,,,,,,4808.7002,402,80.79000000000001,79.46000000000001,82.17,,,,,,,,,,,,,,,,4576.9502,442,72.8,71.28,74.3,,,,,,,,,,,,,,,
Donley,48129,3068.25,505,74.8,73.12000000000001,76.44,,,,,,,,,,,2695.6499,490,74.5,72.62000000000001,76.31,,,,,,,,,,,,,,,,,,,,,,,,,,,,,,,,,,,,,,,,
Duval,48131,11216.4,1229,74.29000000000001,73.41,75.15000000000001,10144.2,1109,73.98,73.06,74.87000000000001,,,,,,,,,,,5537.7002,591,77.56,76.34,78.74,5111.0498,537,77.63,76.39,78.85000000000001,,,,,,,,,,,5678.7002,638,71.42,70.21000000000001,72.63,5033.1499,572,70.73,69.44,72.04000000000001,,,,,,,,,,
Eastland,48133,16507.85,2528,74.08,73.34,74.82000000000001,,,,,,,,,,,14020.65,2405,73.82000000000001,73.02,74.62000000000001,8543.1504,1234,77.98,76.94,78.93000000000001,,,,,,,,,,,7327.25,1183,77.65000000000001,76.49,78.72,7964.7002,1294,70.37000000000001,69.37000000000001,71.39,,,,,,,,,,,6693.3999,1222,70.22,69.09,71.36
Ector,48135,133216.16,11274,74.53,74.27,74.78,72260.79700000001,2900,76.60000000000001,76.2,77,5426.2002,566,70.19,68.84,71.60000000000001,55529.148,7808,73.12000000000001,72.74,73.51000000000001,67994.602,5364,77.69,77.34,78.03,36532.25,1256,79.45,78.90000000000001,80,,,,,,28670.15,3834,76.48,75.97,76.98,65221.551,5910,71.36,71,71.72,35728.551,1644,73.71000000000001,73.14,74.3,,,,,,26859,3974,69.90000000000001,69.35000000000001,70.45
El Paso,48141,768514.38,45412,79.83,79.72,79.94,647614.0600000001,32293,80.5,80.37000000000001,80.62000000000001,21680,1204,77.65000000000001,76.82000000000001,78.44,99220.29700000001,11915,77.54000000000001,77.25,77.82000000000001,392812.66,21879,82.66,82.51000000000001,82.8,336137.84,15860,83.21000000000001,83.05,83.37000000000001,9299.1504,460,80.76000000000001,79.60000000000001,81.91,47375.648,5559,80.7,80.29000000000001,81.10000000000001,375701.69,23533,76.8,76.64,76.96000000000001,311476.19,16433,77.42,77.24,77.60000000000001,12380.85,744,75.54000000000001,74.37000000000001,76.66,51844.648,6356,74.87000000000001,74.48,75.26000000000001
Ellis,48139,139704.3,9880,78.16,77.90000000000001,78.41,32952.199,809,80.93000000000001,80.11,81.77,12457.2,962,74.66,73.73,75.60000000000001,94294.898,8109,78.18000000000001,77.88,78.46000000000001,70783.898,5032,80.22,79.87000000000001,80.54000000000001,,,,,,6469.4502,480,77.29000000000001,76.01000000000001,78.54000000000001,48272.801,4194,80.21000000000001,79.81,80.59,68920.398,4848,76.03,75.66,76.38,16910.551,451,78.7,77.54000000000001,79.90000000000001,5987.75,482,71.93000000000001,70.56,73.29000000000001,46022.102,3915,76.10000000000001,75.69,76.52
Erath,48143,35461.852,3097,78.2,77.71000000000001,78.69,,,,,,,,,,,28368.85,2969,77.62000000000001,77.07000000000001,78.16,18046.949,1598,80.66,80,81.29000000000001,,,,,,,,,,,14565.05,1553,80.07000000000001,79.32000000000001,80.79000000000001,17414.9,1499,75.67,74.96000000000001,76.38,,,,,,,,,,,13803.8,1416,75.21000000000001,74.45,75.98
Falls,48145,16492.9,1960,75.94,75.22,76.66,,,,,,4521.5,499,72.52,71.13,73.90000000000001,8530.1504,1321,76.02,74.91,77.07000000000001,8723.6504,994,79.01000000000001,78.05,80.01000000000001,,,,,,,,,,,4546.0498,651,79.78,78.37000000000001,81.18000000000001,7769.25,966,72.68000000000001,71.63,73.7,,,,,,,,,,,3984.1001,670,72.39,70.8,73.90000000000001
Fannin,48147,30677.65,4127,74.59,74.09,75.10000000000001,,,,,,,,,,,25934.699,3904,74.15000000000001,73.61,74.69,14365.9,1890,77.3,76.56,78.05,,,,,,,,,,,12759,1807,77.05,76.27,77.83,16311.75,2237,72.33,71.66,72.97,,,,,,,,,,,13175.7,2097,71.69,70.95,72.43000000000001
Fayette,48149,21845.85,3070,77.5,76.85000000000001,78.16,,,,,,,,,,,16528,2693,77.73,76.96000000000001,78.49,11270.6,1645,80.26000000000001,79.38,81.13,,,,,,,,,,,8581.549800000001,1451,80.81,79.83,81.79000000000001,10575.25,1425,74.68000000000001,73.74,75.62000000000001,,,,,,,,,,,7946.4502,1242,74.81,73.60000000000001,76.01000000000001
Fisher,48151,3199.45,550,74.75,73.02,76.47,,,,,,,,,,,2332.05,470,75.49,73.49,77.49,,,,,,,,,,,,,,,,,,,,,,,,,,,,,,,,,,,,,,,,
Floyd,48153,5686.5498,705,75.5,74.3,76.68000000000001,,,,,,,,,,,,,,,,,,,,,,,,,,,,,,,,,,,,,,,,,,,,,,,,,,,,,,,
Fort Bend,48157,458813.44,20367,82.90000000000001,82.75,83.06,132711.41,3086,87.75,87.32000000000001,88.17,120306,4516,84.07000000000001,83.66,84.48,205796.05,12765,82.11,81.90000000000001,82.31,231963.2,10001,84.2,84,84.40000000000001,65955.648,1355,89.37000000000001,88.83,89.91,62551.551,2247,84.49,84,84.98,103456,6399,83.52,83.25,83.78,226850.25,10366,81.87000000000001,81.63,82.13,66755.75,1731,86.61,85.91,87.3,57754.449,2269,85.12000000000001,84.36,85.86,102340.05,6366,80.98,80.65000000000001,81.29000000000001
Franklin,48159,9726.799800000001,1123,77.72,76.78,78.67,,,,,,,,,,,8164.3999,1072,77.46000000000001,76.42,78.47,5009.3501,551,80.66,79.44,81.94,,,,,,,,,,,4242.3501,534,79.96000000000001,78.57000000000001,81.41,4717.4502,572,74.77,73.46000000000001,76.08,,,,,,,,,,,3922.05,538,75.08,73.7,76.5
Freestone,48161,18011.5,2076,76.16,75.45,76.87000000000001,,,,,,,,,,,12621.05,1662,75.98,75.15000000000001,76.8,8739.3496,1020,79.36,78.41,80.3,,,,,,,,,,,6267.2002,829,78.92,77.78,80.04000000000001,9272.1504,1056,73.23,72.24,74.2,,,,,,,,,,,6353.8501,833,73.33,72.16,74.5
Frio,48163,15926.8,1218,79.32000000000001,78.42,80.18000000000001,12885.1,828,81.11,80.01000000000001,82.2,,,,,,,,,,,7006.7002,555,82.5,81.19,83.85000000000001,,,,,,,,,,,,,,,,8920.0996,663,76.25,75.08,77.40000000000001,7033.2002,466,76.98,75.55,78.38,,,,,,,,,,
Gaines,48165,16525.199,1089,77.05,76.22,77.87000000000001,,,,,,,,,,,10069.2,815,76.79000000000001,75.74,77.77,8290.700199999999,526,79.68000000000001,78.52,80.79000000000001,,,,,,,,,,,5081.3999,404,79.71000000000001,78.37000000000001,80.97,8234.5,563,74.39,73.21000000000001,75.54000000000001,,,,,,,,,,,4987.7998,411,73.94,72.49,75.46000000000001
Galveston,48167,269024.94,23053,76.66,76.47,76.84,61738.449,2248,79.47,79.01000000000001,79.91,38386.75,4057,71.87000000000001,71.37000000000001,72.38,168899.75,16748,76.94,76.71000000000001,77.16,136168.8,10987,79.58,79.32000000000001,79.81,30464.35,977,82.51000000000001,81.88,83.13,20367.15,2009,75.45,74.78,76.13,85337.29700000001,8001,79.83,79.52,80.13,132856.16,12066,73.79000000000001,73.54000000000001,74.05,31274.1,1271,76.44,75.79000000000001,77.11,18019.6,2048,68.04000000000001,67.34,68.74,83562.45299999999,8747,74.18000000000001,73.87000000000001,74.5
Garza,48169,5457.5498,501,76.99,75.66,78.27,,,,,,,,,,,,,,,,,,,,,,,,,,,,,,,,,,,,,,,,,,,,,,,,,,,,,,,
Gillespie,48171,22943.85,3190,81.18000000000001,80.56,81.77,,,,,,,,,,,18459.85,3019,80.91,80.17,81.61,12048.6,1661,83.78,82.98,84.57000000000001,,,,,,,,,,,9867.5,1598,83.29000000000001,82.3,84.21000000000001,10895.25,1529,78.51000000000001,77.61,79.42,,,,,,,,,,,8592.3496,1421,78.52,77.46000000000001,79.53
Goliad,48175,6732.5,711,80.15000000000001,78.99,81.33,,,,,,,,,,,4187.5498,528,79.82000000000001,78.36,81.24,,,,,,,,,,,,,,,,,,,,,,,,,,,,,,,,,,,,,,,,
Gonzales,48177,18182.75,1980,75.56,74.82000000000001,76.28,8985.799800000001,477,76.58,75.35000000000001,77.77,,,,,,7885.4502,1316,75.74,74.65000000000001,76.86,9132.200199999999,959,79.08,78.05,80.07000000000001,,,,,,,,,,,4065.3501,668,78.8,77.24,80.23,9050.549800000001,1021,72.24,71.21000000000001,73.24,,,,,,,,,,,3820.1001,648,72.90000000000001,71.39,74.52
Gray,48179,21245.4,2665,74.26000000000001,73.60000000000001,74.91,,,,,,,,,,,15196.45,2428,73.63,72.83,74.41,10153.3,1357,76.22,75.27,77.19,,,,,,,,,,,7680.5,1255,75.86,74.74,76.98,11092.1,1308,72.32000000000001,71.47,73.16,,,,,,,,,,,7515.9502,1173,71.51000000000001,70.46000000000001,72.55
Grayson,48181,110586.8,12885,75.65000000000001,75.38,75.93000000000001,,,,,,6137.8501,644,71.83,70.57000000000001,73.12000000000001,92523.898,12015,75.48,75.18000000000001,75.79000000000001,56833.449,6636,78.46000000000001,78.09,78.85000000000001,,,,,,,,,,,47785,6206,78.27,77.87000000000001,78.69,53753.352,6249,72.76000000000001,72.37000000000001,73.16,,,,,,,,,,,44738.898,5809,72.65000000000001,72.22,73.08
Gregg,48183,115544.3,12210,74.81,74.54000000000001,75.09,,,,,,23713,2291,70.8,70.17,71.44,73031.25,9622,75.07000000000001,74.73,75.41,59100.25,6290,77.61,77.23,77.98,,,,,,12479.3,1138,74.5,73.63,75.36,37838.102,5046,77.63,77.16,78.09,56444.051,5920,71.88,71.5,72.27,,,,,,11233.7,1153,66.99,66.11,67.91,35193.148,4576,72.40000000000001,71.92,72.87000000000001
Grimes,48185,24581.801,2438,76.99,76.33,77.64,,,,,,4203.8501,424,74.58,72.93000000000001,76.18000000000001,15208,1856,76.66,75.87000000000001,77.47,11507.7,1150,79.01000000000001,78.07000000000001,79.93000000000001,,,,,,,,,,,7346.7998,862,79.34,78.26000000000001,80.44,13074.1,1288,75.29000000000001,74.38,76.19,,,,,,,,,,,7861.2002,994,74.47,73.38,75.57000000000001
Guadalupe,48187,122235.2,8381,80.8,80.51000000000001,81.07000000000001,44834.102,1613,81.89,81.34,82.42,7521,465,79.58,78.39,80.74,69880.102,6303,80.39,80.02,80.74,61857.852,4052,83.28,82.89,83.64,22530.9,756,84.37000000000001,83.64,85.08,,,,,,35618.699,3077,82.96000000000001,82.48,83.41,60377.352,4329,78.28,77.85000000000001,78.67,22303.199,857,79.21000000000001,78.42,80,,,,,,34261.398,3226,77.88,77.37000000000001,78.40000000000001
Hale,48189,33938.949,2954,76.84,76.33,77.33,19914.6,817,77.65000000000001,76.81,78.47,,,,,,12241.2,1999,76.38,75.58,77.17,16475.551,1453,79.8,79.08,80.47,,,,,,,,,,,6171.3501,1034,79.93000000000001,78.88,80.89,17463.4,1501,73.99,73.31,74.66,10254.25,467,74.95,73.84,76.03,,,,,,6069.8501,965,72.95,71.84,74.03
Hall,48191,2847.3501,494,73.49,71.86,75.24,,,,,,,,,,,,,,,,,,,,,,,,,,,,,,,,,,,,,,,,,,,,,,,,,,,,,,,
Hamilton,48193,7577.3999,1267,75.40000000000001,74.28,76.51000000000001,,,,,,,,,,,6902.2998,1246,75.10000000000001,73.89,76.29000000000001,3880.45,679,78.71000000000001,77.29000000000001,80.12000000000001,,,,,,,,,,,3559.95,673,78.28,76.73,79.81,3696.95,588,72.2,70.49,73.90000000000001,,,,,,,,,,,3342.3501,573,72.12000000000001,70.31,73.87000000000001
Hansford,48195,5105.7998,520,76.44,75.2,77.71000000000001,,,,,,,,,,,2803.75,444,76.3,74.61,77.91,,,,,,,,,,,,,,,,,,,,,,,,,,,,,,,,,,,,,,,,
Hardeman,48197,3313.75,414,77.84,76.06,79.60000000000001,,,,,,,,,,,,,,,,,,,,,,,,,,,,,,,,,,,,,,,,,,,,,,,,,,,,,,,
Hardin,48199,51815.102,5193,75.2,74.79000000000001,75.60000000000001,,,,,,,,,,,46837.898,4811,75.33,74.92,75.75,26221.949,2570,77.7,77.13,78.25,,,,,,,,,,,23723.4,2393,77.73,77.15000000000001,78.3,25593.15,2623,72.68000000000001,72.11,73.25,,,,,,,,,,,23114.5,2418,72.96000000000001,72.38,73.56
Harris,48201,3757999.5,211631,78.87000000000001,78.82000000000001,78.93000000000001,1656524.1,36121,83.92,83.81,84.03,761758.8100000001,52927,75.25,75.12000000000001,75.38,1339716.8,122583,78.21000000000001,78.13,78.28,1883114,102874,81.23,81.16,81.3,803483.6899999999,15558,86.25,86.09,86.40000000000001,402560.41,26270,77.98,77.81,78.15000000000001,677069.88,61046,80.72,80.61,80.82000000000001,1874885.6,108757,76.42,76.34,76.49,853040.38,20563,81.44,81.27,81.61,359198.41,26657,72.26000000000001,72.07000000000001,72.44,662646.88,61537,75.73,75.62000000000001,75.85000000000001
Harrison,48203,62660.602,5928,76.13,75.73,76.52,,,,,,14117.4,1651,71.82000000000001,70.98,72.65000000000001,41948.898,4182,76.98,76.51000000000001,77.46000000000001,32085.551,2913,79.19,78.65000000000001,79.7,,,,,,7539,853,75.7,74.51000000000001,76.84,21409.1,2030,79.96000000000001,79.33,80.58,30575.051,3015,73.01000000000001,72.45,73.58,,,,,,6578.3999,798,67.64,66.48,68.82000000000001,20539.801,2152,74.08,73.42,74.78
Hartley,48205,5511.7002,428,81.5,80.25,82.71000000000001,,,,,,,,,,,3755.75,405,79.76000000000001,78.24,81.25,,,,,,,,,,,,,,,,,,,,,,,,,,,,,,,,,,,,,,,,
Haskell,48207,4954.9502,865,74.96000000000001,73.5,76.41,,,,,,,,,,,3601.95,759,74.35000000000001,72.38,76.2,,,,,,,,,,,,,,,,,,,,,2465.7,442,71.72,69.84,73.63,,,,,,,,,,,,,,,
Hays,48209,146331.16,7476,82.83,82.56,83.10000000000001,52774.949,1579,85.43000000000001,84.8,86.08,,,,,,88819.25,5677,82.40000000000001,82.09,82.71000000000001,72746.898,3692,84.40000000000001,84.05,84.75,26177.25,724,87.61,86.78,88.45,,,,,,44349.801,2866,83.78,83.35000000000001,84.18000000000001,73584.25,3784,81.40000000000001,80.99,81.81,26597.699,855,83.46000000000001,82.5,84.46000000000001,,,,,,44469.449,2811,81.22,80.75,81.69
Henderson,48213,72945.102,9398,75.56,75.21000000000001,75.92,,,,,,4398.2002,516,71.28,69.81,72.74,61154.75,8735,75.32000000000001,74.93000000000001,75.72,37206.352,4512,78.77,78.29000000000001,79.27,,,,,,,,,,,31391.949,4232,78.38,77.85000000000001,78.91,35738.75,4886,72.51000000000001,71.99,73.02,,,,,,,,,,,29762.801,4503,72.46000000000001,71.88,73.02
Hidalgo,48215,739215.5,35536,82.36,82.23,82.5,682062.8100000001,27971,81.16,81.02,81.3,,,,,,53870.301,7484,84.63,84.15000000000001,85.11,378166.09,16121,85.56,85.38,85.73,349505.94,12842,84.12000000000001,83.93000000000001,84.3,,,,,,27309.85,3248,88.85000000000001,88.19,89.49,361049.41,19415,79.08,78.89,79.28,332556.84,15129,78.02,77.82000000000001,78.23,,,,,,26560.449,4236,80.84,80.17,81.49
Hill,48217,31760.1,3996,75.48,74.95,76.01000000000001,,,,,,,,,,,24180.949,3612,75.08,74.45,75.72,16211.1,1923,78.83,78.10000000000001,79.55,,,,,,,,,,,12481.3,1745,78.59,77.75,79.42,15549,2073,72.32000000000001,71.59,73.06,,,,,,,,,,,11699.65,1867,71.91,71.02,72.82000000000001
Hockley,48219,20900.199,1976,75.42,74.8,76.06,9551.5,485,74.01000000000001,72.93000000000001,75.03,,,,,,10667.3,1420,75.76000000000001,74.87000000000001,76.63,10558.4,985,78.35000000000001,77.48,79.2,,,,,,,,,,,5458.1001,737,78.85000000000001,77.68000000000001,79.93000000000001,10341.8,991,72.48,71.59,73.38,,,,,,,,,,,5209.2002,683,72.81,71.52,74.08
Hood,48221,47742.398,5728,78.13,77.71000000000001,78.56,,,,,,,,,,,43072.898,5613,77.78,77.33,78.24,24387.699,2799,80.64,80.06,81.2,,,,,,,,,,,22200.65,2749,80.41,79.79000000000001,81.01000000000001,23354.699,2929,75.65000000000001,75.05,76.26000000000001,,,,,,,,,,,20872.25,2864,75.29000000000001,74.63,75.94
Hopkins,48223,32642.85,3476,76.3,75.79000000000001,76.79000000000001,,,,,,,,,,,25562.85,3117,76.12000000000001,75.56,76.7,16545.051,1740,79.35000000000001,78.67,80,,,,,,,,,,,13140,1590,79.2,78.43000000000001,79.93000000000001,16097.8,1736,73.29000000000001,72.57000000000001,74.02,,,,,,,,,,,12422.85,1528,73.13,72.28,73.96000000000001
Houston,48225,22167.65,2986,75.47,74.87000000000001,76.09,,,,,,6031.2998,647,72.83,71.57000000000001,74.11,13939.6,2297,75.93000000000001,75.16,76.7,10354.4,1517,77.09,76.21000000000001,78.01000000000001,,,,,,,,,,,6846.8501,1173,78.17,77.11,79.25,11813.25,1469,73.97,73.15000000000001,74.82000000000001,,,,,,,,,,,7092.75,1124,73.90000000000001,72.83,74.99
Howard,48227,33042.148,3665,74.63,74.10000000000001,75.13,13092.45,706,77.19,76.17,78.17,,,,,,18053.051,2794,73.49,72.77,74.2,15134.05,1686,77.38,76.62000000000001,78.12000000000001,,,,,,,,,,,8929.799800000001,1304,76.86,75.83,77.87000000000001,17908.1,1979,72.21000000000001,71.54000000000001,72.89,7514.75,409,75.97,74.45,77.46000000000001,,,,,,9123.25,1490,70.62000000000001,69.65000000000001,71.62000000000001
Hunt,48231,78386.75,8132,75.29000000000001,74.96000000000001,75.63,,,,,,6475.75,649,69.8,68.57000000000001,71.07000000000001,61571.602,7253,75.3,74.93000000000001,75.68000000000001,39622.602,3942,78.17,77.7,78.62000000000001,,,,,,,,,,,31342.15,3548,78.22,77.71000000000001,78.73,38764.148,4190,72.5,72.03,72.97,,,,,,,,,,,30229.449,3705,72.53,71.99,73.08
Hutchinson,48233,20250.699,2449,73.83,73.16,74.49,,,,,,,,,,,15792.25,2266,73.46000000000001,72.71000000000001,74.2,10247.2,1216,75.86,74.97,76.79000000000001,,,,,,,,,,,8057.2998,1126,75.42,74.39,76.48,10003.5,1233,71.78,70.88,72.7,,,,,,,,,,,7734.9502,1140,71.57000000000001,70.56,72.59
Jack,48237,8351.450199999999,864,76.11,75.03,77.13,,,,,,,,,,,6815.3501,839,74.88,73.66,76.15000000000001,3712.95,434,77.83,76.21000000000001,79.41,,,,,,,,,,,3194.8501,425,77,75.21000000000001,78.79000000000001,4638.5,430,74.31,72.91,75.64,,,,,,,,,,,3620.5,414,73.13,71.45,74.7
Jackson,48239,13094.2,1457,76.24,75.42,77.09,,,,,,,,,,,8387.3496,1071,77.47,76.42,78.51000000000001,6695.3999,692,79.97,78.84,81.12000000000001,,,,,,,,,,,4301.2002,514,81.05,79.56,82.5,6398.7998,765,72.7,71.53,73.89,,,,,,,,,,,4086.1499,557,74,72.52,75.44
Jasper,48241,34068.449,3877,75.42,74.91,75.93000000000001,,,,,,5862.25,606,71.06,69.78,72.39,26438.051,3246,75.92,75.35000000000001,76.5,17561.85,1902,77.92,77.19,78.61,,,,,,,,,,,13666.95,1586,78.49,77.7,79.27,16506.6,1975,72.91,72.22,73.62000000000001,,,,,,,,,,,12771.1,1660,73.37000000000001,72.58,74.17
Jefferson,48245,239359.7,24124,75.81,75.62000000000001,76.01000000000001,41227.852,887,90.97,90.07000000000001,91.87000000000001,85924.148,7919,72.82000000000001,72.47,73.16,112207.7,15318,76.12000000000001,75.84,76.39,119560.8,11923,78.67,78.40000000000001,78.94,,,,,,43986.949,3781,76.07000000000001,75.58,76.53,56878.5,7781,78.91,78.53,79.3,119798.9,12201,72.98,72.7,73.25,22532.5,526,89.94,88.49,91.34,41937.199,4138,69.58,69.11,70.06,55329.199,7537,73.37000000000001,72.99,73.76000000000001
Jim Hogg,48247,4834.4502,523,75.3,74.02,76.52,4577.8999,478,75.48,74.10000000000001,76.76000000000001,,,,,,,,,,,,,,,,,,,,,,,,,,,,,,,,,,,,,,,,,,,,,,,,,,
Jim Wells,48249,39444.699,3685,75.11,74.62000000000001,75.60000000000001,31865.1,2581,75.08,74.51000000000001,75.64,,,,,,7429.25,1083,75.22,74.17,76.32000000000001,20106.301,1706,78.91,78.23,79.57000000000001,16244.45,1203,78.87000000000001,78.10000000000001,79.60000000000001,,,,,,3793.25,493,78.57000000000001,77.04000000000001,80.09,19338.4,1979,71.44,70.75,72.13,15620.65,1378,71.3,70.51000000000001,72.11,,,,,,3636,590,72.26000000000001,70.76000000000001,73.68000000000001
Johnson,48251,141548.7,11581,76.99,76.73,77.23,25317.35,534,84.44,83.29000000000001,85.54000000000001,,,,,,113018.2,10792,76.49,76.22,76.76000000000001,71208.54700000001,5653,79.41,79.06,79.74,,,,,,,,,,,57468.148,5290,79.09,78.71000000000001,79.45,70340.148,5928,74.58,74.22,74.93000000000001,,,,,,,,,,,55550.051,5502,73.97,73.58,74.36
Jones,48253,18316.449,1901,76.84,76.15000000000001,77.5,,,,,,,,,,,11495.55,1603,75.3,74.41,76.18000000000001,7451.1001,929,79,77.99,80.01000000000001,,,,,,,,,,,5491.3501,812,78.27,77.04000000000001,79.54000000000001,10865.35,972,75.10000000000001,74.18000000000001,76,,,,,,,,,,,6004.2002,791,72.81,71.56,73.99
Karnes,48255,13815,1492,75.35000000000001,74.54000000000001,76.15000000000001,7052.6499,603,73.26000000000001,72.14,74.34,,,,,,5360.4502,846,76.08,74.61,77.40000000000001,5416.6001,674,78.39,77.13,79.67,,,,,,,,,,,,,,,,8398.4004,818,72.92,71.90000000000001,73.88,,,,,,,,,,,2908.3999,453,73.12000000000001,71.40000000000001,74.76000000000001
Kaufman,48257,94977.54700000001,7905,76.35000000000001,76.04000000000001,76.66,,,,,,9816.450199999999,894,72.14,71.15000000000001,73.15000000000001,69174.648,6743,76.29000000000001,75.94,76.63,48295.852,3920,78.76000000000001,78.34,79.16,,,,,,5113.5498,439,74.36,73,75.66,35324.5,3371,78.78,78.31,79.22,46681.699,3985,73.92,73.48,74.35000000000001,,,,,,4702.8999,455,69.96000000000001,68.56,71.37000000000001,33850.148,3372,73.82000000000001,73.32000000000001,74.31
Kendall,48259,31361.9,2965,80.13,79.63,80.63,,,,,,,,,,,24936.051,2719,80.16,79.63,80.71000000000001,15982.15,1545,82.24,81.56,82.90000000000001,,,,,,,,,,,12862.65,1440,82.13,81.41,82.86,15379.75,1420,78.02,77.29000000000001,78.78,,,,,,,,,,,12073.4,1279,78.25,77.46000000000001,79.10000000000001
Kerr,48265,46523.75,6673,78.46000000000001,78.02,78.91,11052.45,513,79.27,78.12000000000001,80.40000000000001,,,,,,34744.949,6072,78.36,77.83,78.89,24102.449,3165,82.58,82.03,83.13,,,,,,,,,,,18266.15,2897,82.66,82.05,83.28,22421.301,3508,74.5,73.84,75.16,,,,,,,,,,,16478.801,3175,74.31,73.53,75.09
Kimble,48267,3894.1001,583,76.04000000000001,74.5,77.53,,,,,,,,,,,3005.2,515,75.92,73.98,77.77,,,,,,,,,,,,,,,,,,,,,,,,,,,,,,,,,,,,,,,,
Kleberg,48273,30415.9,2336,77.40000000000001,76.86,77.94,22254.25,1476,76.64,76.01000000000001,77.26000000000001,,,,,,7119.8999,777,78.98,77.89,80.02,14980.1,1107,80.61,79.86,81.40000000000001,11132.6,701,79.78,78.91,80.65000000000001,,,,,,,,,,,15435.8,1229,74.26000000000001,73.54000000000001,74.96000000000001,11121.65,775,73.43000000000001,72.60000000000001,74.27,,,,,,3736.25,411,76.08,74.75,77.39
Knox,48275,3078.8501,526,74.95,73.35000000000001,76.53,,,,,,,,,,,,,,,,,,,,,,,,,,,,,,,,,,,,,,,,,,,,,,,,,,,,,,,
La Salle,48283,6152.5498,498,78.56,77.33,79.8,,,,,,,,,,,,,,,,,,,,,,,,,,,,,,,,,,,,,,,,,,,,,,,,,,,,,,,
Lamar,48277,46241.648,5878,74.45,74.03,74.88,,,,,,6371.5,671,70.66,69.5,71.8,37129.398,5168,74.58,74.11,75.07000000000001,24037.051,3032,77.23,76.65000000000001,77.81,,,,,,,,,,,19267.65,2679,77.35000000000001,76.72,77.98,22204.6,2846,71.59,70.99,72.2,,,,,,,,,,,17861.75,2489,71.82000000000001,71.12000000000001,72.49
Lamb,48279,12438.4,1576,73.75,72.90000000000001,74.61,,,,,,,,,,,5069.75,1102,73.71000000000001,72.33,75.08,6304,775,77.26000000000001,76.08,78.39,,,,,,,,,,,2684.8501,583,76.40000000000001,74.38,78.22,6134.3999,801,70.37000000000001,69.2,71.57000000000001,,,,,,,,,,,2384.8999,519,71.05,69.11,72.91
Lampasas,48281,17962.051,1967,76.60000000000001,75.89,77.28,,,,,,,,,,,14416.75,1781,76.60000000000001,75.83,77.36,9142.5,1010,78.63,77.63,79.58,,,,,,,,,,,7386.2002,911,78.89,77.85000000000001,79.92,8819.549800000001,957,74.51000000000001,73.58,75.46000000000001,,,,,,,,,,,7030.5498,870,74.27,73.21000000000001,75.39
Lavaca,48285,17569.051,2397,78.27,77.57000000000001,78.96000000000001,,,,,,,,,,,13798.15,2084,78.90000000000001,78.13,79.68000000000001,9080.75,1226,81.39,80.40000000000001,82.36,,,,,,,,,,,7164.0498,1068,81.92,80.79000000000001,82.99,8488.299800000001,1171,75.17,74.22,76.14,,,,,,,,,,,6634.1001,1016,75.98,74.94,77.01000000000001
Lee,48287,15230.85,1549,77.77,77.02,78.5,,,,,,,,,,,10168.1,1277,77.76000000000001,76.87000000000001,78.65000000000001,7622.0498,748,80.90000000000001,79.88,81.88,,,,,,,,,,,5171.8999,620,80.79000000000001,79.55,82.01000000000001,7608.7998,801,74.76000000000001,73.67,75.83,,,,,,,,,,,4996.2002,657,74.90000000000001,73.60000000000001,76.16
Leon,48289,15355.5,2054,75.7,74.88,76.5,,,,,,,,,,,12262.65,1801,75.28,74.33,76.2,7786,988,78.73,77.63,79.86,,,,,,,,,,,6218.9502,849,78.41,77.11,79.71000000000001,7569.5,1066,72.84,71.67,74.04000000000001,,,,,,,,,,,6043.7002,952,72.36,71.05,73.74
Liberty,48291,71427.70299999999,6975,73.54000000000001,73.2,73.88,,,,,,7915.1499,766,72.59,71.54000000000001,73.65000000000001,50715.5,5974,72.62000000000001,72.22,73.03,36431.25,3329,76.3,75.83,76.77,,,,,,,,,,,25986.551,2846,75.67,75.12000000000001,76.24,34996.449,3646,70.85000000000001,70.38,71.33,,,,,,,,,,,24728.949,3128,69.74,69.16,70.33
Limestone,48293,21448,2703,73.8,73.15000000000001,74.44,,,,,,3917.25,434,71.64,70.08,73.17,13416.95,2175,73.27,72.45,74.10000000000001,10510.05,1344,77.16,76.32000000000001,78.03,,,,,,,,,,,6722.0498,1087,76.7,75.62000000000001,77.84,10937.95,1359,70.77,69.85000000000001,71.66,,,,,,,,,,,6694.8999,1088,70.2,69.03,71.37000000000001
Live Oak,48297,10623.75,1048,81.96000000000001,80.79000000000001,83.07000000000001,,,,,,,,,,,6307.2998,769,81.32000000000001,79.87000000000001,82.74,5078.25,464,85.77,84.19,87.36,,,,,,,,,,,,,,,,5545.5,584,78.75,77.11,80.32000000000001,,,,,,,,,,,,,,,
Llano,48299,17243.65,2830,78.27,77.37000000000001,79.15000000000001,,,,,,,,,,,16005.55,2762,77.98,77.01000000000001,78.91,8942.299800000001,1376,81.56,80.32000000000001,82.78,,,,,,,,,,,8308.75,1345,81.15000000000001,79.83,82.47,8301.3496,1454,75.08,73.82000000000001,76.29000000000001,,,,,,,,,,,7696.7998,1417,74.94,73.58,76.22
Lubbock,48303,262415.81,21556,76.75,76.56,76.93000000000001,86468.70299999999,3855,75.85000000000001,75.48,76.22,19073.85,1745,69.96000000000001,69.22,70.71000000000001,156873.25,15956,77.73,77.5,77.95,132725.45,10753,79.44,79.19,79.69,43155.199,1649,78.98,78.46000000000001,79.51000000000001,9761.4004,813,73.54000000000001,72.5,74.62000000000001,79808.852,8291,80.15000000000001,79.84,80.45,129690.35,10803,73.97,73.71000000000001,74.23,43313.5,2206,72.82000000000001,72.31,73.34,9312.450199999999,932,66.61,65.59,67.62000000000001,77064.398,7665,75.22,74.91,75.53
Lynn,48305,5001.0498,550,74.35000000000001,72.96000000000001,75.78,,,,,,,,,,,,,,,,,,,,,,,,,,,,,,,,,,,,,,,,,,,,,,,,,,,,,,,
Madison,48313,12909.95,1262,77.07000000000001,76.22,77.89,,,,,,,,,,,7619.7002,1033,76.75,75.72,77.76000000000001,5403.2998,607,79.79000000000001,78.61,80.94,,,,,,,,,,,3650.1499,518,78.92,77.39,80.34,7506.6499,655,74.64,73.54000000000001,75.74,,,,,,,,,,,3969.55,515,74.66,73.24,76.06
Marion,48315,9501.75,1563,73.02,72.05,74,,,,,,,,,,,6988.8999,1185,73.86,72.75,75.01000000000001,4848.3999,738,76.44,75.07000000000001,77.86,,,,,,,,,,,3507,555,76.78,75.19,78.46000000000001,4653.3501,825,69.8,68.46000000000001,71.10000000000001,,,,,,,,,,,3481.8999,630,71.23,69.75,72.72
Mason,48319,3470.45,464,79.07000000000001,77.19,80.94,,,,,,,,,,,,,,,,,,,,,,,,,,,,,,,,,,,,,,,,,,,,,,,,,,,,,,,
Matagorda,48321,33693.102,3398,75.84,75.34,76.34,13462.55,538,80.06,78.99,81.21000000000001,4042.05,542,70.67,69.19,72.18000000000001,16188.5,2318,75.61,74.90000000000001,76.3,16959.75,1684,78.29000000000001,77.58,78.98,,,,,,,,,,,8239.450199999999,1169,77.67,76.68000000000001,78.66,16733.35,1714,73.41,72.72,74.11,,,,,,,,,,,7949.0498,1149,73.61,72.66,74.57000000000001
Maverick,48323,52300.75,3236,79.12000000000001,78.69,79.54000000000001,50984.5,3046,79.46000000000001,79.03,79.89,,,,,,,,,,,26799.699,1482,82.32000000000001,81.77,82.85000000000001,26193.6,1410,82.55,82.01000000000001,83.09,,,,,,,,,,,25501.051,1754,75.84,75.22,76.45,24790.9,1636,76.25,75.62000000000001,76.88,,,,,,,,,,
McCulloch,48307,7207.6001,1079,74.18000000000001,73,75.35000000000001,,,,,,,,,,,5023.2002,903,73.96000000000001,72.53,75.35000000000001,3728.55,567,77.11,75.48,78.68000000000001,,,,,,,,,,,2645.6001,488,76.69,74.77,78.47,3479.05,512,71.24,69.62000000000001,72.84,,,,,,,,,,,2377.6001,415,71.36,69.38,73.36
McLennan,48309,222649.8,19908,77.08,76.87000000000001,77.28,53492.801,1612,80.45,79.85000000000001,81.04000000000001,33206.352,3135,71.5,70.92,72.08,135950.66,15161,77.62000000000001,77.36,77.87000000000001,114213.9,10077,79.8,79.52,80.08,26379,731,83.12000000000001,82.3,83.93000000000001,17759.1,1565,75.01000000000001,74.23,75.8,70075.79700000001,7781,80.3,79.95,80.63,108435.9,9831,74.21000000000001,73.92,74.5,27113.801,881,77.62000000000001,76.78,78.45,15447.25,1570,67.69,66.91,68.49,65874.852,7380,74.88,74.54000000000001,75.23
Medina,48325,42649.25,3658,78.03,77.57000000000001,78.47,21726.301,1282,77.67,76.99,78.36,,,,,,20032.1,2345,78.26000000000001,77.62000000000001,78.87000000000001,20541.801,1731,80.54000000000001,79.90000000000001,81.18000000000001,10417.6,571,80.73,79.72,81.71000000000001,,,,,,10003.5,1150,80.62000000000001,79.76000000000001,81.45,22107.449,1927,75.66,75.04000000000001,76.26000000000001,11308.7,711,74.88,73.96000000000001,75.8,,,,,,10028.6,1195,76.03,75.17,76.89
Midland,48329,132792.09,9606,79.06,78.78,79.33,51301.25,1559,80.51000000000001,79.95,81.07000000000001,8378.6504,814,72.65000000000001,71.5,73.76000000000001,73112.20299999999,7233,78.96000000000001,78.62000000000001,79.31,67772.5,4648,82.22,81.86,82.59,25768.9,659,83.84,83.02,84.65000000000001,4386.4502,407,76.64,75.08,78.21000000000001,37617.148,3582,82.17,81.69,82.62000000000001,65019.602,4958,75.78,75.39,76.16,25532.35,900,77.31,76.51000000000001,78.09,3992.2,407,68.29000000000001,66.74,69.81,35495.051,3651,75.7,75.2,76.19
Milam,48331,22432.35,2921,74.91,74.27,75.54000000000001,,,,,,,,,,,15077.95,2368,75.63,74.87000000000001,76.39,11400.3,1456,77.77,76.87000000000001,78.66,,,,,,,,,,,7698.3501,1212,77.82000000000001,76.68000000000001,78.94,11032.05,1465,72.11,71.22,72.98,,,,,,,,,,,7379.6001,1156,73.40000000000001,72.39,74.44
Mills,48333,4469.2998,661,78.06,76.65000000000001,79.51000000000001,,,,,,,,,,,3758.3999,625,78.01000000000001,76.44,79.58,,,,,,,,,,,,,,,,,,,,,,,,,,,,,,,,,,,,,,,,
Mitchell,48335,8585,942,75.56,74.54000000000001,76.55,,,,,,,,,,,4276.1499,707,75.14,73.85000000000001,76.47,3210.05,442,76.82000000000001,75.08,78.45,,,,,,,,,,,,,,,,5374.9502,500,74.39,73.23,75.61,,,,,,,,,,,,,,,
Montague,48337,17808.199,2705,73.55,72.85000000000001,74.23,,,,,,,,,,,16288.35,2665,73.34,72.61,74.08,9137.75,1365,77.08,76.15000000000001,77.98,,,,,,,,,,,8378.700199999999,1347,77.03,76.05,77.95,8670.450199999999,1340,70.17,69.16,71.2,,,,,,,,,,,7909.6499,1318,69.84,68.74,70.95
Montgomery,48339,421237,27801,79.71000000000001,79.55,79.86,88585.75,1492,89.96000000000001,89.24,90.64,17145.15,1077,76.82000000000001,75.89,77.71000000000001,315506.09,25232,79.09,78.91,79.26000000000001,212305,13562,81.90000000000001,81.7,82.11,42952.551,626,92.33,91.32000000000001,93.3,8851.5996,499,79.90000000000001,78.7,81.09,160500.84,12437,81.32000000000001,81.09,81.54000000000001,208932,14239,77.48,77.26000000000001,77.71000000000001,45633.199,866,87.42,86.42,88.39,8293.549800000001,578,73.83,72.49,75.12000000000001,155005.25,12795,76.89,76.64,77.13
Moore,48341,19728.15,1382,77.10000000000001,76.37000000000001,77.81,,,,,,,,,,,7977.75,1103,75.25,74.19,76.32000000000001,9816.75,674,79.76000000000001,78.8,80.67,,,,,,,,,,,4091.6499,564,78.11,76.65000000000001,79.49,9911.4004,708,74.44,73.45,75.44,,,,,,,,,,,3886.1001,539,72.38,70.85000000000001,73.90000000000001
Morris,48343,12014,1675,73.63,72.74,74.51000000000001,,,,,,,,,,,8299.9004,1299,73.90000000000001,72.82000000000001,74.95,6197.3501,820,77.47,76.32000000000001,78.62000000000001,,,,,,,,,,,4256.9502,634,78.06,76.72,79.37000000000001,5816.6499,855,69.92,68.64,71.22,,,,,,,,,,,4042.95,665,70.08,68.49,71.63
Nacogdoches,48347,61443.949,5464,75.75,75.37000000000001,76.13,,,,,,11323.3,1018,70.46000000000001,69.55,71.41,39196.352,4291,76.14,75.68000000000001,76.61,31906.699,2738,78.31,77.77,78.85000000000001,,,,,,6342.4502,519,73.8,72.54000000000001,75.08,20312.5,2152,78.7,78.05,79.34,29537.25,2726,73.07000000000001,72.54000000000001,73.60000000000001,,,,,,4980.8501,499,66.59,65.34,67.83,18883.85,2139,73.60000000000001,72.99,74.21000000000001
Navarro,48349,44027.352,4883,75.14,74.7,75.56,,,,,,6286.8999,780,69.72,68.55,70.92,26997.5,3886,74.99,74.44,75.55,22424.5,2463,78.28,77.7,78.87000000000001,,,,,,,,,,,13937.5,1991,78.33,77.58,79.04000000000001,21602.85,2420,71.98,71.38,72.58,,,,,,,,,,,13060,1895,71.78,70.97,72.58
Newton,48351,13585.2,1618,73.32000000000001,72.49,74.15000000000001,,,,,,,,,,,10283.6,1280,73.58,72.61,74.55,6583.5,735,76.43000000000001,75.24,77.60000000000001,,,,,,,,,,,5069.25,585,76.59,75.18000000000001,77.95,7001.7002,883,70.56,69.44,71.67,,,,,,,,,,,5214.3501,695,70.89,69.62000000000001,72.2
Nolan,48353,13793.1,1837,73.44,72.63,74.23,,,,,,,,,,,8493.0996,1439,73.65000000000001,72.62000000000001,74.62000000000001,7071,902,76.57000000000001,75.41,77.7,,,,,,,,,,,4371.1499,729,75.99,74.47,77.47,6722.1001,935,70.42,69.33,71.47,,,,,,,,,,,4121.9502,710,71.51000000000001,70.22,72.78
Nueces,48355,326056.91,25740,77.86,77.69,78.03,204480.2,11958,78.06,77.83,78.27,12023.75,1214,72.88,72,73.79000000000001,109552.95,12568,77.7,77.42,77.99,165460.25,12265,81.05,80.81,81.26000000000001,104315.9,5671,81.29000000000001,81,81.58,6017.1001,579,76.59,75.34,77.85000000000001,55127.25,6015,80.71000000000001,80.31,81.11,160596.66,13475,74.65000000000001,74.41,74.89,100164.3,6287,74.64,74.32000000000001,74.94,6006.6499,635,69.44,68.25,70.64,54425.699,6553,74.88,74.49,75.27
Ochiltree,48357,9491.299800000001,786,75.10000000000001,74.17,76.01000000000001,,,,,,,,,,,4653.5498,713,72.88,71.58,74.18000000000001,4691.25,401,77.41,76.18000000000001,78.66,,,,,,,,,,,,,,,,,,,,,,,,,,,,,,,,,,,
Orange,48361,79494,8976,73.34,73.01000000000001,73.67,,,,,,6879,712,69.99,68.88,71.11,68473.29700000001,8143,73.31,72.96000000000001,73.68000000000001,40346.25,4308,76.23,75.77,76.7,,,,,,,,,,,34750.898,3906,76.23,75.74,76.73,39147.75,4668,70.53,70.05,71,,,,,,,,,,,33722.398,4237,70.58,70.05,71.09
Palo Pinto,48363,25581.75,3091,74.36,73.78,74.96000000000001,,,,,,,,,,,20650.9,2884,74,73.35000000000001,74.63,13040.65,1542,76.96000000000001,76.15000000000001,77.77,,,,,,,,,,,10625.45,1442,76.74,75.82000000000001,77.63,12541.1,1549,71.75,70.93000000000001,72.58,,,,,,,,,,,10025.45,1442,71.34,70.42,72.26000000000001
Panola,48365,22400.301,2591,75.39,74.77,76.02,,,,,,3793.25,410,72.76000000000001,71.11,74.34,16947.551,2155,75.45,74.76000000000001,76.16,11439.1,1328,78.04000000000001,77.19,78.89,,,,,,,,,,,8633.549800000001,1104,78.43000000000001,77.5,79.37000000000001,10961.2,1263,72.73,71.84,73.61,,,,,,,,,,,8314,1051,72.7,71.68000000000001,73.74
Parker,48367,108571.25,8947,78.39,78.10000000000001,78.67,,,,,,,,,,,96163.70299999999,8624,78.01000000000001,77.7,78.31,53959.699,4382,80.39,80,80.78,,,,,,,,,,,48353.852,4247,80.13,79.71000000000001,80.52,54611.551,4565,76.48,76.06,76.90000000000001,,,,,,,,,,,47809.852,4377,76.07000000000001,75.65000000000001,76.5
Parmer,48369,9245.0996,745,78.09,77.06,79.06,,,,,,,,,,,3305.7,586,76.17,74.59,77.67,,,,,,,,,,,,,,,,,,,,,,,,,,,,,,,,,,,,,,,,
Pecos,48371,14833.2,1115,77.3,76.52,78.03,10258.45,613,77.5,76.54000000000001,78.41,,,,,,3973.8,485,76.83,75.44,78.27,6632.2002,503,79.51000000000001,78.38,80.63,,,,,,,,,,,,,,,,8201,612,75.33,74.32000000000001,76.31,,,,,,,,,,,,,,,
Polk,48373,41245.648,5893,72.29000000000001,71.79000000000001,72.79000000000001,,,,,,5106.3501,481,70.83,69.41,72.24,30613.199,5253,71.71000000000001,71.13,72.32000000000001,19931.051,2633,76.72,76.04000000000001,77.42,,,,,,,,,,,15351.35,2390,76.07000000000001,75.25,76.87000000000001,21314.6,3260,68.68000000000001,67.99,69.36,,,,,,,,,,,15261.85,2863,68.05,67.21000000000001,68.91
Potter,48375,111645.05,11367,73.82000000000001,73.54000000000001,74.09,41752.148,1332,77.99,77.36,78.59,11633,847,73.64,72.63,74.65000000000001,58259.898,9188,72.77,72.40000000000001,73.14,55842.102,5741,76.71000000000001,76.32000000000001,77.09,20435.15,538,80.85000000000001,80,81.73,,,,,,30028.25,4826,75.60000000000001,75.09,76.11,55802.949,5626,71,70.61,71.38,21317,794,75.21000000000001,74.34,76.10000000000001,6254.2998,470,70.64,69.28,72,28231.65,4362,70,69.47,70.52
Presidio,48377,6882.7998,432,86.35000000000001,85.04000000000001,87.66,,,,,,,,,,,,,,,,,,,,,,,,,,,,,,,,,,,,,,,,,,,,,,,,,,,,,,,
Rains,48379,10031.55,1163,77,76.02,77.97,,,,,,,,,,,9105.700199999999,1122,76.66,75.59,77.69,5037.7998,526,80.49,79.21000000000001,81.7,,,,,,,,,,,4579.2998,508,80.17,78.78,81.48,4993.75,637,73.94,72.51000000000001,75.38,,,,,,,,,,,4526.3999,614,73.65000000000001,72.10000000000001,75.16
Randall,48381,113990.75,8868,79.78,79.48,80.05,18342.4,425,89.16,87.55,90.79000000000001,,,,,,93430.79700000001,8375,79.43000000000001,79.12000000000001,79.73,58429.051,4383,82.33,81.94,82.7,,,,,,,,,,,48252.352,4190,81.97,81.56,82.37000000000001,55561.699,4485,77.08,76.65000000000001,77.48,,,,,,,,,,,45178.449,4185,76.79000000000001,76.34,77.23
Red River,48387,11907.9,1887,72.78,71.88,73.67,,,,,,,,,,,9110.299800000001,1576,73.18000000000001,72.13,74.24,6171.75,907,76.23,74.93000000000001,77.48,,,,,,,,,,,4683.4502,770,76.32000000000001,74.69,77.82000000000001,5736.1499,980,69.51000000000001,68.31,70.79000000000001,,,,,,,,,,,4426.8501,806,70.34,69,71.76000000000001
Reeves,48389,12842.7,1057,79.66,78.67,80.65000000000001,9830.049800000001,714,78.12000000000001,77.03,79.2,,,,,,,,,,,5832.5,454,84.21000000000001,82.85000000000001,85.56,,,,,,,,,,,,,,,,7010.2002,603,75.71000000000001,74.3,77.12000000000001,5157.3501,416,74.25,72.69,75.86,,,,,,,,,,
Refugio,48391,6633.2002,900,75.43000000000001,74.38,76.45,,,,,,,,,,,3028,525,76.68000000000001,75.09,78.16,3364.75,436,78.82000000000001,77.31,80.23,,,,,,,,,,,,,,,,3268.45,464,72.23,70.8,73.64,,,,,,,,,,,,,,,
Robertson,48395,15197.1,1867,74.85000000000001,74.06,75.63,,,,,,3451.55,454,68.67,67,70.42,9076.549800000001,1285,76.45,75.45,77.41,7820.2998,924,78.17,77.12000000000001,79.23,,,,,,,,,,,4630.9502,648,79.09,77.78,80.37000000000001,7376.7998,943,71.59,70.48,72.75,,,,,,,,,,,4445.6001,637,73.94,72.51000000000001,75.33
Rockwall,48397,70430.75,4291,80.38,80.03,80.73,,,,,,,,,,,55506.602,3896,80.3,79.91,80.66,35143.5,2258,81.48,81.01000000000001,81.92,,,,,,,,,,,27884.4,2064,81.47,80.95,81.95,35287.25,2033,79.49,78.97,80.01000000000001,,,,,,,,,,,27622.199,1832,79.33,78.77,79.89
Runnels,48399,9093.4004,1391,74.26000000000001,73.28,75.26000000000001,,,,,,,,,,,5981.1499,1142,74.96000000000001,73.7,76.23,4646.3501,741,76.69,75.31,78.06,,,,,,,,,,,3114.7,626,77.26000000000001,75.52,79,4447.0498,650,71.76000000000001,70.44,73.15000000000001,,,,,,,,,,,2866.45,516,72.62000000000001,70.89,74.3
Rusk,48401,50012.25,5219,76.98,76.53,77.42,,,,,,8864.5,961,75.47,74.23,76.68000000000001,34105.398,4142,76.60000000000001,76.09,77.13,24198.65,2638,79.66,79.02,80.28,,,,,,4125,474,79.47,77.5,81.41,16878.65,2121,79.07000000000001,78.36,79.79000000000001,25813.6,2581,74.29000000000001,73.72,74.90000000000001,,,,,,4739.5,487,71.11,69.66,72.56,17226.75,2021,74.26000000000001,73.55,74.97
Sabine,48403,9851.049800000001,1594,75.42,74.35000000000001,76.47,,,,,,,,,,,8810.0996,1475,75.22,74.07000000000001,76.37000000000001,5099.6499,743,78.5,76.96000000000001,79.95,,,,,,,,,,,4559.3501,684,78.58,77.02,80.10000000000001,4751.3999,851,72.54000000000001,70.99,74.01000000000001,,,,,,,,,,,4250.75,791,72.23,70.55,73.85000000000001
San Augustine,48405,8214,1363,72.82000000000001,71.62000000000001,74.01000000000001,,,,,,,,,,,5763.8999,1043,73.64,72.17,75.06,4246.9502,710,74.88,73.16,76.54000000000001,,,,,,,,,,,,,,,,3967.05,653,70.72,69.06,72.27,,,,,,,,,,,,,,,
San Jacinto,48407,24348.9,2683,76.48,75.83,77.16,,,,,,,,,,,19334.949,2321,76.32000000000001,75.57000000000001,77.08,12169.6,1206,79.27,78.31,80.2,,,,,,,,,,,9673.049800000001,1040,79.11,78.05,80.16,12179.3,1477,73.94,72.99,74.88,,,,,,,,,,,9661.9004,1281,73.91,72.86,74.98
San Patricio,48409,62352.102,5568,75.67,75.31,76.02,34805.699,2294,75.25,74.74,75.74,,,,,,26617.449,3174,75.97,75.43000000000001,76.49,31300.15,2575,78.74,78.23,79.23,17541.949,1042,78.45,77.75,79.13,,,,,,13333.1,1475,79.10000000000001,78.35000000000001,79.83,31051.949,2993,72.75,72.25,73.25,17263.75,1252,72.17,71.46000000000001,72.85000000000001,,,,,,13284.35,1699,73.12000000000001,72.39,73.86
San Saba,48411,5210.2002,671,77.60000000000001,76.2,78.92,,,,,,,,,,,3590.1001,613,76.39,74.65000000000001,78.02,,,,,,,,,,,,,,,,,,,,,,,,,,,,,,,,,,,,,,,,
Scurry,48415,15710.55,1613,76.89,76.08,77.68000000000001,,,,,,,,,,,9223.9004,1300,76.06,75.08,77.08,7738.8501,786,79.79000000000001,78.68000000000001,80.91,,,,,,,,,,,4694.5,647,79.08,77.62000000000001,80.5,7971.7002,827,74.02,72.95,75.13,,,,,,,,,,,4529.3999,653,73,71.64,74.31
Shelby,48419,24411.65,2893,74.11,73.5,74.75,,,,,,4321.7998,521,69.26000000000001,67.71000000000001,70.8,16054.8,2322,74.28,73.52,75.03,12554.35,1419,77.8,76.96000000000001,78.64,,,,,,,,,,,8281.5996,1149,78.14,77.19,79.11,11857.3,1474,70.57000000000001,69.66,71.44,,,,,,,,,,,7773.2002,1173,70.71000000000001,69.60000000000001,71.79000000000001
Smith,48423,198211,18176,78.21000000000001,77.99,78.42,33992.051,570,94.45,92.86,96.05,36182.949,3034,74.84,74.29000000000001,75.37000000000001,128036,14572,78.31,78.05,78.57000000000001,102636.5,9259,80.71000000000001,80.41,81,,,,,,19449.199,1570,77.83,77.08,78.56,66448.852,7445,80.91,80.55,81.26000000000001,95574.5,8917,75.54000000000001,75.22,75.85000000000001,,,,,,16733.75,1464,71.43000000000001,70.64,72.21000000000001,61587.148,7127,75.68000000000001,75.3,76.06
Somervell,48425,7754.0498,778,76.86,75.76000000000001,77.93000000000001,,,,,,,,,,,6251.5498,747,76.06,74.82000000000001,77.26000000000001,,,,,,,,,,,,,,,,,,,,,,,,,,,,,,,,,,,,,,,,
Starr,48427,58893.699,3498,78.03,77.60000000000001,78.44,57040.199,3417,77.63,77.21000000000001,78.04000000000001,,,,,,,,,,,30151,1616,81.31,80.75,81.89,29217.801,1583,80.90000000000001,80.35000000000001,81.47,,,,,,,,,,,28742.699,1882,74.68000000000001,74.08,75.27,27822.4,1834,74.32000000000001,73.72,74.91,,,,,,,,,,
Stephens,48429,8826.049800000001,1149,75.54000000000001,74.58,76.54000000000001,,,,,,,,,,,6835.5,1089,74.92,73.79000000000001,76.05,4320,571,78.19,76.81,79.68000000000001,,,,,,,,,,,3447.8501,541,77.7,76.08,79.39,4506.0498,578,72.92,71.59,74.32000000000001,,,,,,,,,,,3387.6499,548,72.29000000000001,70.7,73.81
Swisher,48437,7097.5,785,77.14,76.05,78.27,,,,,,,,,,,3542.6499,623,77.03,75.54000000000001,78.49,,,,,,,,,,,,,,,,,,,,,3564.1001,415,73.92,72.40000000000001,75.5,,,,,,,,,,,,,,,
Tarrant,48439,1653930.8,105443,78.73,78.65000000000001,78.81,468689.59,9433,84.44,84.18000000000001,84.69,257899.5,14476,76.48,76.24,76.71000000000001,927341.8100000001,81534,78.40000000000001,78.3,78.49,840008,53193,80.96000000000001,80.85000000000001,81.06,230527.75,4154,86.48,86.15000000000001,86.81,135589.3,7245,78.82000000000001,78.51000000000001,79.13,473891,41794,80.72,80.59,80.85000000000001,813922.8100000001,52250,76.35000000000001,76.23,76.46000000000001,238161.84,5279,82.23,81.84,82.62000000000001,122310.2,7231,74.01000000000001,73.64,74.36,453450.75,39740,76,75.87000000000001,76.14
Taylor,48441,123904.15,12006,76.09,75.82000000000001,76.36,27911.75,1147,76.38,75.65000000000001,77.10000000000001,8413.950199999999,695,70.25,69.02,71.48,87578.45299999999,10164,76.43000000000001,76.12000000000001,76.74,63658.148,6223,78.60000000000001,78.23,78.97,14071.45,532,79.11,78.13,80.11,,,,,,45441.801,5351,78.94,78.52,79.36,60246,5783,73.41,73.03,73.8,13840.3,615,73.38,72.32000000000001,74.38,,,,,,42136.648,4813,73.81,73.37000000000001,74.26000000000001
Terry,48445,11685.95,1250,75.73,74.87000000000001,76.58,,,,,,,,,,,5228.2998,890,74.89,73.55,76.26000000000001,5490.1001,596,78.21000000000001,76.89,79.48,,,,,,,,,,,,,,,,6195.8501,654,73.38,72.34,74.45,,,,,,,,,,,2662.8501,449,72.95,71.32000000000001,74.55
Titus,48449,30859.551,2525,76.85000000000001,76.29000000000001,77.39,,,,,,,,,,,15427.55,2040,76.06,75.31,76.77,15729.55,1280,79.64,78.91,80.32000000000001,,,,,,,,,,,8033.3999,1045,79.14,78.15000000000001,80.08,15130,1245,74.04000000000001,73.22,74.83,,,,,,,,,,,7394.1499,995,72.99,71.94,74.08
Tom Green,48451,104881.75,9881,77.47,77.17,77.75,38203.398,1757,78.18000000000001,77.63,78.73,,,,,,62884.449,7782,77.25,76.88,77.62000000000001,53637.25,5052,80.12000000000001,79.72,80.51000000000001,19352.949,801,81.41,80.66,82.16,,,,,,32484.801,4083,79.81,79.32000000000001,80.3,51244.5,4829,74.67,74.25,75.08,18850.449,956,74.82000000000001,74.05,75.57000000000001,,,,,,30399.65,3699,74.61,74.10000000000001,75.12000000000001
Travis,48453,941614.38,44632,81.97,81.86,82.08,341171.56,7515,84.99,84.72,85.25,83704.148,5237,77.42,77.01000000000001,77.81,516738.66,31880,82.01000000000001,81.88,82.14,463687.94,21982,83.88,83.74,84.03,164819.41,3292,87.08,86.73,87.43000000000001,42832.852,2587,79.86,79.31,80.39,256035.7,16103,83.86,83.68000000000001,84.04000000000001,477926.41,22650,80.03,79.88,80.19,176352.16,4223,82.82000000000001,82.42,83.22,40871.301,2650,75.07000000000001,74.43000000000001,75.68000000000001,260702.95,15777,80.17,79.98,80.36
Trinity,48455,13411,2121,73.84,73.03,74.67,,,,,,,,,,,11156.95,1882,74.43000000000001,73.56,75.29000000000001,6936.5498,958,77.5,76.40000000000001,78.59,,,,,,,,,,,5772.9502,841,78.11,76.99,79.26000000000001,6474.4502,1163,70.32000000000001,69.18000000000001,71.5,,,,,,,,,,,5384,1041,70.92,69.69,72.12000000000001
Tyler,48457,20408.65,2518,75.54000000000001,74.85000000000001,76.2,,,,,,,,,,,16833.9,2289,75.19,74.46000000000001,75.92,9647.75,1173,78.59,77.62000000000001,79.53,,,,,,,,,,,8463.75,1069,78.79000000000001,77.77,79.8,10760.9,1345,72.83,71.94,73.73,,,,,,,,,,,8370.1504,1220,71.95,70.89,72.98
Upshur,48459,36379.699,4205,74.38,73.88,74.89,,,,,,3144.3501,448,69.56,67.73,71.43000000000001,31101.1,3709,74.65000000000001,74.10000000000001,75.19,18472.85,2053,77.51000000000001,76.82000000000001,78.19,,,,,,,,,,,15762.45,1817,77.54000000000001,76.8,78.28,17906.85,2152,71.32000000000001,70.60000000000001,72.03,,,,,,,,,,,15338.65,1892,71.90000000000001,71.14,72.67
Uvalde,48463,24968.15,2293,77.53,76.93000000000001,78.12000000000001,17871.35,1131,77.11,76.37000000000001,77.85000000000001,,,,,,6988.8501,1154,77.34,76.09,78.5,12638.45,1081,80.86,80.05,81.65000000000001,8978.450199999999,509,80.48,79.47,81.47,,,,,,3609.6499,568,80.32000000000001,78.5,81.99,12329.7,1212,74.33,73.52,75.14,8892.9004,622,73.89,72.85000000000001,74.90000000000001,,,,,,3379.2,586,74.55,72.94,76.10000000000001
Val Verde,48465,46334.5,3273,78.58,78.14,79.01000000000001,38049.75,2341,78.90000000000001,78.39,79.39,,,,,,7767.1001,901,77.90000000000001,77.02,78.82000000000001,23152.949,1472,82.16,81.55,82.76000000000001,19302.15,1086,82.34,81.67,83.02,,,,,,,,,,,23181.551,1801,75.19,74.57000000000001,75.79000000000001,18747.6,1255,75.43000000000001,74.69,76.13,,,,,,4135.9502,528,75.08,73.86,76.29000000000001
Van Zandt,48467,48769.551,6196,74.97,74.53,75.40000000000001,,,,,,,,,,,43536.949,5929,74.73,74.26000000000001,75.2,24850.75,3019,78.12000000000001,77.55,78.7,,,,,,,,,,,22396.75,2900,77.98,77.36,78.58,23918.801,3177,71.93000000000001,71.3,72.56,,,,,,,,,,,21140.199,3029,71.69,71.02,72.37000000000001
Victoria,48469,83683.352,7501,77.01000000000001,76.68000000000001,77.32000000000001,37612.352,2069,76.32000000000001,75.79000000000001,76.83,4866.5498,513,71.99,70.57000000000001,73.44,41204.449,4919,77.58,77.14,78.03,42786.801,3643,80.18000000000001,79.75,80.60000000000001,18945.5,946,79.33,78.62000000000001,80.05,,,,,,21316.9,2444,80.85000000000001,80.28,81.40000000000001,40896.551,3858,73.8,73.34,74.26000000000001,18666.85,1123,73.26000000000001,72.53,73.98,,,,,,19887.551,2475,74.40000000000001,73.74,75.06
Walker,48471,65000.199,4584,78.76000000000001,78.36,79.16,,,,,,15126.05,913,76.22,75.29000000000001,77.15000000000001,38806.102,3358,79.25,78.76000000000001,79.73,26407.6,1933,81.62000000000001,81.02,82.22,,,,,,,,,,,16983.699,1519,81.93000000000001,81.19,82.62000000000001,38592.602,2651,76.71000000000001,76.18000000000001,77.23,,,,,,9871.0996,553,75.46000000000001,74.17,76.8,21822.4,1839,77.14,76.49,77.8
Waller,48473,39995.449,2769,78.45,77.93000000000001,78.94,,,,,,10326.2,620,78.01000000000001,76.69,79.27,17888.6,1912,76.86,76.19,77.54000000000001,20301.801,1310,81.53,80.82000000000001,82.22,,,,,,,,,,,9090.25,903,79.77,78.85000000000001,80.68000000000001,19693.65,1459,75.35000000000001,74.64,76.03,,,,,,,,,,,8798.3496,1009,74.2,73.21000000000001,75.16
Ward,48475,9770.6504,1077,74.39,73.46000000000001,75.33,,,,,,,,,,,4521.7998,709,73.11,71.69,74.54000000000001,5025,489,78.60000000000001,77.36,79.86,,,,,,,,,,,,,,,,4745.6499,588,70.48,69.16,71.83,,,,,,,,,,,,,,,
Washington,48477,31400.699,3598,78.32000000000001,77.8,78.84,,,,,,5766.1001,545,72.59,71.19,73.98,21478.5,2971,79.29000000000001,78.69,79.87000000000001,16134.75,1890,80.97,80.25,81.66,,,,,,,,,,,11171.3,1572,81.87000000000001,81.02,82.68000000000001,15265.95,1708,75.52,74.78,76.24,,,,,,,,,,,10307.2,1399,76.58,75.75,77.40000000000001
Webb,48479,239478.66,11504,79.55,79.34,79.77,231649.25,10897,79.62000000000001,79.39,79.84,,,,,,7084.5498,584,77.67,76.55,78.81,123111.2,5340,83.07000000000001,82.78,83.35000000000001,119578.8,5117,83.06,82.77,83.35000000000001,,,,,,,,,,,116367.45,6164,75.78,75.47,76.10000000000001,112070.45,5780,75.85000000000001,75.52,76.17,,,,,,,,,,
Wharton,48481,38729.648,3941,76.26000000000001,75.81,76.73,14695.8,696,77.03,76.12000000000001,77.96000000000001,5607.6499,674,71.40000000000001,70.05,72.7,18426.199,2571,77.24,76.60000000000001,77.87000000000001,19743.75,2018,79.04000000000001,78.39,79.65000000000001,,,,,,,,,,,9539.049800000001,1345,79.94,79.09,80.78,18985.9,1923,73.36,72.72,74.02,,,,,,,,,,,8887.1504,1226,74.54000000000001,73.64,75.43000000000001
Wheeler,48483,4698.5,656,73.99,72.58,75.38,,,,,,,,,,,3461.6499,606,73.76000000000001,71.99,75.49,,,,,,,,,,,,,,,,,,,,,,,,,,,,,,,,,,,,,,,,
Wichita,48485,122572.65,12617,75.03,74.77,75.3,20485,710,77.78,76.96000000000001,78.63,13133.65,992,72.92,72.01000000000001,73.83,88954,10915,74.8,74.5,75.10000000000001,59309.25,6337,77.57000000000001,77.2,77.95,,,,,,5922.4502,471,75.40000000000001,74.10000000000001,76.72,44069.648,5579,77.27,76.84,77.7,63263.398,6280,72.5,72.14,72.86,11167.85,423,74.69,73.54000000000001,75.90000000000001,7211.2002,521,70.74,69.52,72.03,44884.352,5336,72.38,71.96000000000001,72.79000000000001
Wilbarger,48487,12263.25,1620,74.19,73.36,74.99,,,,,,,,,,,8140.3999,1382,73.88,72.85000000000001,74.84,6234.1499,828,77.19,76.05,78.32000000000001,,,,,,,,,,,4216.8501,711,77.36,75.95,78.69,6029.1001,792,71.19,70.09,72.31,,,,,,,,,,,3923.55,671,70.45,68.98,71.87000000000001
Willacy,48489,20921.699,1475,78.68000000000001,77.98,79.35000000000001,18669.199,1172,78.62000000000001,77.88,79.35000000000001,,,,,,,,,,,9475.8496,682,81.24,80.23,82.25,8597.4004,557,80.93000000000001,79.87000000000001,81.98,,,,,,,,,,,11445.85,793,76.31,75.38,77.2,10071.8,615,76.46000000000001,75.44,77.43000000000001,,,,,,,,,,
Williamson,48491,375583.16,18196,83.68000000000001,83.51000000000001,83.85000000000001,91573.29700000001,1629,91.41,90.78,92.04000000000001,23059.051,845,85.54000000000001,84.43000000000001,86.66,260950.8,15722,83.02,82.83,83.2,188706.05,9165,85.11,84.89,85.32000000000001,45281.148,756,93.44,92.62000000000001,94.27,11756.8,422,86.65000000000001,85.22,88.06,131668.09,7987,84.49,84.24,84.73,186877.09,9031,82.31,82.06,82.56,46292.148,873,89.06,88.09,90.04000000000001,11302.25,423,85.29000000000001,83.52,87.07000000000001,129282.7,7735,81.66,81.38,81.95
Wilson,48493,40087.551,3230,78.48,78,78.95,15498.15,838,78.49,77.63,79.3,,,,,,24081.65,2332,78.62000000000001,78.03,79.2,20161.801,1438,81.94,81.3,82.59,,,,,,,,,,,12118,1050,81.88,81.08,82.7,19925.75,1792,75.27,74.62000000000001,75.92,7674.3999,474,75.13,73.95,76.29000000000001,,,,,,11963.65,1282,75.7,74.91,76.51000000000001
Winkler,48495,6676.0498,692,73.04000000000001,71.89,74.17,,,,,,,,,,,2878.8999,478,71.72,70.07000000000001,73.40000000000001,,,,,,,,,,,,,,,,,,,,,,,,,,,,,,,,,,,,,,,,
Wise,48497,54396.898,4661,76.72,76.32000000000001,77.13,,,,,,,,,,,44801.25,4479,76.06,75.63,76.51000000000001,26984.25,2220,79.31,78.76000000000001,79.85000000000001,,,,,,,,,,,22446.75,2147,78.81,78.21000000000001,79.40000000000001,27412.65,2441,74.27,73.71000000000001,74.85000000000001,,,,,,,,,,,22354.5,2332,73.51000000000001,72.89,74.15000000000001
Wood,48499,38944.949,5655,76.04000000000001,75.55,76.54000000000001,,,,,,,,,,,34198.102,5362,75.92,75.39,76.47,19904.199,2687,78.87000000000001,78.15000000000001,79.58,,,,,,,,,,,17581.199,2533,78.81,78.02,79.61,19040.75,2968,73.33,72.65000000000001,73.98,,,,,,,,,,,16616.9,2829,73.22,72.5,73.92
Yoakum,48501,7250.8501,532,77.40000000000001,76.31,78.43000000000001,,,,,,,,,,,2725.7,403,75.18000000000001,73.41,76.93000000000001,,,,,,,,,,,,,,,,,,,,,,,,,,,,,,,,,,,,,,,,
Young,48503,17055.9,2517,74.15000000000001,73.46000000000001,74.84,,,,,,,,,,,14219.8,2401,73.89,73.12000000000001,74.64,8756,1358,75.99,75.04000000000001,76.97,,,,,,,,,,,7398.0498,1303,75.89,74.86,76.94,8299.9004,1159,72.2,71.23,73.18000000000001,,,,,,,,,,,6821.75,1098,71.79000000000001,70.65000000000001,72.87000000000001
Zapata,48505,13510.5,845,78.83,77.86,79.8,12657.15,670,78,77,78.97,,,,,,,,,,,,,,,,,,,,,,,,,,,,,,,6743.5498,481,75.08,73.71000000000001,76.42,,,,,,,,,,,,,,,
Zavala,48507,11383.75,855,77.09,76.13,78.03,10812.5,751,77.45,76.48,78.46000000000001,,,,,,,,,,,,,,,,,,,,,,,,,,,,,,,5672.6001,469,73,71.74,74.33,5392.8501,412,73.42,72.07000000000001,74.81,,,,,,,,,,
